Codigo;Categoria;Producto;Formato;Marca;Codigo Wiki;Costo Compra;% Ganancia;Precio Venta;Ganancia $;Stock;Imagen;Activo;Descripcion
A01;Lavandinas;Agua Lavandina al 40%;5L;Officlean;;119.8;70;203.66;83.86;;agua-lavandina.jpg;SI;Garantiza una eliminación eficaz de bacterias, hongos y virus, brindando un alto nivel de desinfección
Dj01;Desodorante;Desodorante Jupiter Aroma Jazmin;360ml;Jupiter;;70.76;40;99.064;28.304;;desodorante jupiter aroma jazmin.jpg;SI;Aromatiza y refresca todo tipo de ambientes.
Dj02;Desodorante;Desodorante Jupiter Aroma Lavanda;360ml;Jupiter;;70.76;40;99.064;28.304;;desodorante jupiter aroma lavanda.jpg;SI;Aromatiza y refresca todo tipo de ambientes.
Dj03;Desodorante;Desodorante Jupiter Aroma Limon;360ml;Jupiter;;70.76;40;99.064;28.304;;desodorante jupiter aroma limón.jpg;SI;Aromatiza y refresca todo tipo de ambientes.
Dj04;Desodorante;Desodorante Jupiter Aroma a Bebe;360ml;Jupiter;;70.76;40;99.064;28.304;;desodorante jupiter aroma bebe.jpg;SI;Aromatiza y refresca todo tipo de ambientes.
Dl01;Detergente;Detergente Lavavajilla;5L;Officlean;;160.56;65;264.92;104.36;;detergente-lavavajilla.jpg;SI;Su formula de alto rendimiento elimina eficazmente la grasa y los restos de alimentos, dejando platos, vasos, cubiertos y utensilios impecables.
H01;Hipoclorito;Hipoclorito de Sodio al 100%;5L;Officlean;;192.07;50;288.105;96.035;;hipocloritode-sodio.jpg;SI;Desinfectante, blanqueador, limpieza doméstica, mantenimiento de piscinas, desinfección de superficies.
H02;Hipoclorito;Hipoclorito de Sodio al 100%;10L;Officlean;;389.15;50;583.725;194.575;;hipoclorito de sodio.jpg;SI;Desinfectante, blanqueador, limpieza doméstica, mantenimiento de piscinas, desinfección de superficies.
J01;Jabon de mano;Jabón Aroma a Anana;5l;Officlean;;406.16;50;609.24;203.08;;jabón líquido aroma de anana.jpg;SI;Su fórmula especialmente diseñada brinda una experiencia de lavado delicada, cuidando la piel mientras elimina impurezas con facilidad.
J02;Jabon de mano;Jabón Aroma a Manzana;5L;Officlean;;406.16;50;609.24;203.08;;jabón líquido aroma de manzana.jpg;SI;Su fórmula especialmente diseñada brinda una experiencia de lavado delicada, cuidando la piel mientras elimina impurezas con facilidad.
J03;Jabon de mano;Jabón Aroma a Naranja;5L;Officlean;;406.16;50;609.24;203.08;;jabón líquido aroma de naranja.jpg;SI;Su fórmula especialmente diseñada brinda una experiencia de lavado delicada, cuidando la piel mientras elimina impurezas con facilidad.
J04;Jabon de mano;Jabón de Mano Aroma a Coco;5L;Officlean;;406.16;50;609.24;203.08;;jabón líquido aroma coco.jpg;SI;Su fórmula especialmente diseñada brinda una experiencia de lavado delicada, cuidando la piel mientras elimina impurezas con facilidad.
J05;Jabon de mano;Jabón de Mano Aroma Bebe;5L;Officlean;;406.16;50;609.24;203.08;;jabón líquido aroma bebé.jpg;SI;Su fórmula especialmente diseñada brinda una experiencia de lavado delicada, cuidando la piel mientras elimina impurezas con facilidad.
J06;Jabon de mano;Jabón de Mano Sin Olor;5L;Officlean;;329.13;50;493.695;164.565;;jabón líquido sin color ni olor.jpg;SI;Lavado de manos, limpieza general
P10;Papel higienico;Papel Higiénico Jumbo 8 Rollos;500 Mts;Officlean;;699;43;999.57;300.57;;papel higienico jumbo.jpg;SI;Papel higiénico institucional OfiClean Ecológico. Su formato jumbo de 500 metros por rollo está diseñado para espacios de alta circulación, reduciendo la frecuencia de reposición y optimizando los costos de mantenimiento.
P01;Perfumol ;Perfumol Cítrico;10L;Officlean;;289.11;50;433.665;144.555;;perfumol concentrado citrico.jpg;SI;Para el aseo de baños, pisos, monolíticos, azulejos, piletas y demás artículos sanitarios.
P02;Perfumol ;Perfumol Cítrico;1L;Officlean;;48;50;72;24;;perfumol citrico.jpg;SI;Limpia y perfuma tus espacios. Ofrece una limpieza profunda en todo tipo de superficies, dejando un agradable aroma que refresca el ambiente.
P03;Perfumol ;Perfumol Floral Rosado;10L;Officlean;;289.11;50;433.665;144.555;;perfumol concentrado floral rosado.jpg;SI;Higiene de oficinas, comercios, instituciones, desinfectante, limpiador, desodorizante para cualquier espacio
P04;Perfumol ;Perfumol Floral Rosado;1L;Officlean;;48;50;72;24;;perfumol floral.jpg;SI;Limpia y perfuma tus espacios dejando un agradable aroma que refresca el ambiente.
P05;Perfumol ;Perfumol Lavanda;10L;Officlean;;289.11;50;433.665;144.555;;perfumol concentrado lavanda.jpg;SI;Agradable fragancia a lavanda. Su formula ayuda a limpiar, desodorizar y desinfectar, siendo ideal para baños, pisos, monolíticos, azulejos y piletas
P06;Perfumol ;Perfumol Lavanda;1L;Officlean;;48;50;72;24;;perfumol lavanda.jpg;SI;Limpia y perfuma tus espacios todo tipo de superficies, dejando un agradable aroma que refresca el ambiente.
P07;Perfumol ;Perfumol Pet;5L;Officlean;;145.14;50;217.71;72.57;;perfumol-lavanda.jpg;SI;Perfecto para pisos, superficies duras, escritorios, baños y areas comunes
P08;Perfumol ;Perfumol Primavera;10L;Officlean;;289.11;50;433.665;144.555;;perfumol concentrado primavera.jpg;SI;Para el aseo de baños, pisos, monolíticos, azulejos, piletas y demás artículos sanitarios.
P09;Perfumol ;Perfumol Primavera;1L;Officlean;;48;50;72;24;;perfumol primavera.jpg;SI;Limpia y perfuma tus espacios  dejando un agradable aroma que refresca el ambiente.
T01;Toallas de mano;Toallas de Manos 6 Rollos 19 cm Ancho;200 Mts;Officlean;;699;43;999.57;300.57;;toallas de manos ecologicas.jpg;SI;Ideal para hogares, oficinas y comercios, es una solución práctica y duradera para las tareas de limpieza e higiene. Cada rollo mide 200 metros de largo y 19 cm de ancho.
GG01;Guantes;Guantes de Goma Bicolor Talle 7;Talla 7;;;109;50;163.5;54.5;;guante de goma 7.jpg;SI;Protegen contra soluciones diluidas
GG02;Guantes;Guantes de Goma Bicolor Talle 8;Talla 8;;;109;50;163.5;54.5;;guante de goma 8.jpg;SI;Protegen contra soluciones diluidas
GG03;Guantes;Guantes de Goma Bicolor Talle 9;Talla 9;;;109;50;163.5;54.5;;guante de goma 9.jpg;SI;Protegen contra soluciones diluidas
R01;Rejilla ;Rejilla Blanca Paño de Limpieza;32x32;Duramas;;24;60;38.4;14.4;;rejilla blanca.jpg;SI;Es un paño de limpieza  ideal para diversas tareas domésticas. Fabricado con una mezcla de 85% algodón y 15% poliester, ofrece alta absorbencia y resistencia.  
TG01;Trapo;Trapo piso Grande;50x55;Duramas;;46;60;73.6;27.6;;paño de piso grande.jpg;SI;Ideal para hogares, oficinas y comercios, es una solución práctica y duradera para las tareas de limpieza e higiene.
PM01;Paño micro fibra;Paño de Micro Fibra Fregon Multiuso;32x32 ;;;45.31;60;72.496;27.186;;paño-microfibra.jpg;SI;El paño de microfibra fregón multiuso de 32 x 32 cm es una herramienta versátil y eficiente para la limpieza de diversas superficies. Fabricado con microfibra de alta calidad, este paño ofrece una excelente capacidad de absorción y retención de suciedad, lo que facilita una limpieza más efectiva y rápida.
FN01;Franela naranja;Franela Naranja;33x40 ;Duramas;;36.71;60;58.736;22.026;;franela-naranja.jpg;SI;La franela naranja es un tipo de tela suave y con alta capacidad de absorción especial para múltiples tareas. Adecuada para limpiar y pulir superficies sensibles como espejos, vidrios y muebles, ya que no genera pelusas ni deja marcas. También se emplea en la limpieza de dispositivos electrónicos, pantallas, piezas de joyería y en labores de detallado automotriz, gracias a su eficacia para retirar polvo y líquidos sin causar daños. Funda de 25 unidades
EV01;Esponja verde y amarilla;Esponja Verde y Amarilla 3x2;;Jupiter;;40;70;68;28;;esponja-verdeyamarilla.jpg;SI;La esponja anatomica Jupiter es ideal para limpieza de vajillas, cocinas platos y baños. Caja por 50 unidades
PH11;Papel higiénico;Papel Higiénico x 4 Rollos ;60 m;Nube Blanca;;58;60;92.8;34.8;;papel-higienico-nube-blanca-x4.jpg;SI;Alto rendimient y buena textura. Uso para empresa y hogar. Caja por 16
PH12;Papel higiénico;Papel Higiénico x 24 Rollos ;30 m;Nube Blanca;;177.77;60;284.432;106.662;;papel-higienico-nube-blanca-x24.jpg;SI;Es una opción económica y funcional para uso doméstico. Cada rollo tiene 30 metros de longitud y está compuesto por una sola capa de papel. Este paquete incluye 24 rollos, asegurando un suministro duradero para su hogar.
